ID,Name,Nexus_File,rooted,type,method,scaling,Source
summary,STATE_0,summary.trees,true,summary,bayesian,years,Bouckaert2018
posterior-1,STATE_341200000,posterior.trees,,sample,bayesian,years,Bouckaert2018
posterior-2,STATE_8300000,posterior.trees,,sample,bayesian,years,Bouckaert2018
posterior-3,STATE_244600000,posterior.trees,,sample,bayesian,years,Bouckaert2018
posterior-4,STATE_301800000,posterior.trees,,sample,bayesian,years,Bouckaert2018
posterior-5,STATE_158600000,posterior.trees,,sample,bayesian,years,Bouckaert2018
posterior-6,STATE_221300000,posterior.trees,,sample,bayesian,years,Bouckaert2018
posterior-7,STATE_463600000,posterior.trees,,sample,bayesian,years,Bouckaert2018
posterior-8,STATE_357300000,posterior.trees,,sample,bayesian,years,Bouckaert2018
posterior-9,STATE_132400000,posterior.trees,,sample,bayesian,years,Bouckaert2018
posterior-10,STATE_305600000,posterior.trees,,sample,bayesian,years,Bouckaert2018
posterior-11,STATE_101700000,posterior.trees,,sample,bayesian,years,Bouckaert2018
posterior-12,STATE_354600000,posterior.trees,,sample,bayesian,years,Bouckaert2018
posterior-13,STATE_213800000,posterior.trees,,sample,bayesian,years,Bouckaert2018
posterior-14,STATE_460400000,posterior.trees,,sample,bayesian,years,Bouckaert2018
posterior-15,STATE_513800000,posterior.trees,,sample,bayesian,years,Bouckaert2018
posterior-16,STATE_142800000,posterior.trees,,sample,bayesian,years,Bouckaert2018
posterior-17,STATE_501100000,posterior.trees,,sample,bayesian,years,Bouckaert2018
posterior-18,STATE_453100000,posterior.trees,,sample,bayesian,years,Bouckaert2018
posterior-19,STATE_153000000,posterior.trees,,sample,bayesian,years,Bouckaert2018
posterior-20,STATE_290700000,posterior.trees,,sample,bayesian,years,Bouckaert2018
posterior-21,STATE_74700000,posterior.trees,,sample,bayesian,years,Bouckaert2018
posterior-22,STATE_435000000,posterior.trees,,sample,bayesian,years,Bouckaert2018
posterior-23,STATE_337600000,posterior.trees,,sample,bayesian,years,Bouckaert2018
posterior-24,STATE_479200000,posterior.trees,,sample,bayesian,years,Bouckaert2018
posterior-25,STATE_412800000,posterior.trees,,sample,bayesian,years,Bouckaert2018
posterior-26,STATE_136400000,posterior.trees,,sample,bayesian,years,Bouckaert2018
posterior-27,STATE_121300000,posterior.trees,,sample,bayesian,years,Bouckaert2018
posterior-28,STATE_168500000,posterior.trees,,sample,bayesian,years,Bouckaert2018
posterior-29,STATE_63700000,posterior.trees,,sample,bayesian,years,Bouckaert2018
posterior-30,STATE_155600000,posterior.trees,,sample,bayesian,years,Bouckaert2018
posterior-31,STATE_279800000,posterior.trees,,sample,bayesian,years,Bouckaert2018
posterior-32,STATE_263800000,posterior.trees,,sample,bayesian,years,Bouckaert2018
posterior-33,STATE_19200000,posterior.trees,,sample,bayesian,years,Bouckaert2018
posterior-34,STATE_375800000,posterior.trees,,sample,bayesian,years,Bouckaert2018
posterior-35,STATE_278100000,posterior.trees,,sample,bayesian,years,Bouckaert2018
posterior-36,STATE_22000000,posterior.trees,,sample,bayesian,years,Bouckaert2018
posterior-37,STATE_418300000,posterior.trees,,sample,bayesian,years,Bouckaert2018
posterior-38,STATE_340300000,posterior.trees,,sample,bayesian,years,Bouckaert2018
posterior-39,STATE_2800000,posterior.trees,,sample,bayesian,years,Bouckaert2018
posterior-40,STATE_5400000,posterior.trees,,sample,bayesian,years,Bouckaert2018
posterior-41,STATE_134100000,posterior.trees,,sample,bayesian,years,Bouckaert2018
posterior-42,STATE_475200000,posterior.trees,,sample,bayesian,years,Bouckaert2018
posterior-43,STATE_146500000,posterior.trees,,sample,bayesian,years,Bouckaert2018
posterior-44,STATE_234700000,posterior.trees,,sample,bayesian,years,Bouckaert2018
posterior-45,STATE_81500000,posterior.trees,,sample,bayesian,years,Bouckaert2018
posterior-46,STATE_534500000,posterior.trees,,sample,bayesian,years,Bouckaert2018
posterior-47,STATE_339500000,posterior.trees,,sample,bayesian,years,Bouckaert2018
posterior-48,STATE_86700000,posterior.trees,,sample,bayesian,years,Bouckaert2018
posterior-49,STATE_473500000,posterior.trees,,sample,bayesian,years,Bouckaert2018
posterior-50,STATE_148800000,posterior.trees,,sample,bayesian,years,Bouckaert2018
posterior-51,STATE_307200000,posterior.trees,,sample,bayesian,years,Bouckaert2018
posterior-52,STATE_190500000,posterior.trees,,sample,bayesian,years,Bouckaert2018
posterior-53,STATE_428900000,posterior.trees,,sample,bayesian,years,Bouckaert2018
posterior-54,STATE_488200000,posterior.trees,,sample,bayesian,years,Bouckaert2018
posterior-55,STATE_270200000,posterior.trees,,sample,bayesian,years,Bouckaert2018
posterior-56,STATE_32900000,posterior.trees,,sample,bayesian,years,Bouckaert2018
posterior-57,STATE_190300000,posterior.trees,,sample,bayesian,years,Bouckaert2018
posterior-58,STATE_98100000,posterior.trees,,sample,bayesian,years,Bouckaert2018
posterior-59,STATE_408900000,posterior.trees,,sample,bayesian,years,Bouckaert2018
posterior-60,STATE_177200000,posterior.trees,,sample,bayesian,years,Bouckaert2018
posterior-61,STATE_454700000,posterior.trees,,sample,bayesian,years,Bouckaert2018
posterior-62,STATE_152200000,posterior.trees,,sample,bayesian,years,Bouckaert2018
posterior-63,STATE_211100000,posterior.trees,,sample,bayesian,years,Bouckaert2018
posterior-64,STATE_482100000,posterior.trees,,sample,bayesian,years,Bouckaert2018
posterior-65,STATE_355200000,posterior.trees,,sample,bayesian,years,Bouckaert2018
posterior-66,STATE_424500000,posterior.trees,,sample,bayesian,years,Bouckaert2018
posterior-67,STATE_106300000,posterior.trees,,sample,bayesian,years,Bouckaert2018
posterior-68,STATE_34000000,posterior.trees,,sample,bayesian,years,Bouckaert2018
posterior-69,STATE_134400000,posterior.trees,,sample,bayesian,years,Bouckaert2018
posterior-70,STATE_246800000,posterior.trees,,sample,bayesian,years,Bouckaert2018
posterior-71,STATE_7600000,posterior.trees,,sample,bayesian,years,Bouckaert2018
posterior-72,STATE_123100000,posterior.trees,,sample,bayesian,years,Bouckaert2018
posterior-73,STATE_187600000,posterior.trees,,sample,bayesian,years,Bouckaert2018
posterior-74,STATE_286400000,posterior.trees,,sample,bayesian,years,Bouckaert2018
posterior-75,STATE_441600000,posterior.trees,,sample,bayesian,years,Bouckaert2018
posterior-76,STATE_280100000,posterior.trees,,sample,bayesian,years,Bouckaert2018
posterior-77,STATE_128500000,posterior.trees,,sample,bayesian,years,Bouckaert2018
posterior-78,STATE_316200000,posterior.trees,,sample,bayesian,years,Bouckaert2018
posterior-79,STATE_265200000,posterior.trees,,sample,bayesian,years,Bouckaert2018
posterior-80,STATE_10500000,posterior.trees,,sample,bayesian,years,Bouckaert2018
posterior-81,STATE_40400000,posterior.trees,,sample,bayesian,years,Bouckaert2018
posterior-82,STATE_49800000,posterior.trees,,sample,bayesian,years,Bouckaert2018
posterior-83,STATE_364600000,posterior.trees,,sample,bayesian,years,Bouckaert2018
posterior-84,STATE_64300000,posterior.trees,,sample,bayesian,years,Bouckaert2018
posterior-85,STATE_317900000,posterior.trees,,sample,bayesian,years,Bouckaert2018
posterior-86,STATE_147000000,posterior.trees,,sample,bayesian,years,Bouckaert2018
posterior-87,STATE_9500000,posterior.trees,,sample,bayesian,years,Bouckaert2018
posterior-88,STATE_301200000,posterior.trees,,sample,bayesian,years,Bouckaert2018
posterior-89,STATE_176400000,posterior.trees,,sample,bayesian,years,Bouckaert2018
posterior-90,STATE_419800000,posterior.trees,,sample,bayesian,years,Bouckaert2018
posterior-91,STATE_99500000,posterior.trees,,sample,bayesian,years,Bouckaert2018
posterior-92,STATE_393800000,posterior.trees,,sample,bayesian,years,Bouckaert2018
posterior-93,STATE_509400000,posterior.trees,,sample,bayesian,years,Bouckaert2018
posterior-94,STATE_50400000,posterior.trees,,sample,bayesian,years,Bouckaert2018
posterior-95,STATE_11300000,posterior.trees,,sample,bayesian,years,Bouckaert2018
posterior-96,STATE_512900000,posterior.trees,,sample,bayesian,years,Bouckaert2018
posterior-97,STATE_402800000,posterior.trees,,sample,bayesian,years,Bouckaert2018
posterior-98,STATE_266800000,posterior.trees,,sample,bayesian,years,Bouckaert2018
posterior-99,STATE_499700000,posterior.trees,,sample,bayesian,years,Bouckaert2018
posterior-100,STATE_344700000,posterior.trees,,sample,bayesian,years,Bouckaert2018
posterior-101,STATE_450400000,posterior.trees,,sample,bayesian,years,Bouckaert2018
posterior-102,STATE_165100000,posterior.trees,,sample,bayesian,years,Bouckaert2018
posterior-103,STATE_298400000,posterior.trees,,sample,bayesian,years,Bouckaert2018
posterior-104,STATE_97700000,posterior.trees,,sample,bayesian,years,Bouckaert2018
posterior-105,STATE_455900000,posterior.trees,,sample,bayesian,years,Bouckaert2018
posterior-106,STATE_122600000,posterior.trees,,sample,bayesian,years,Bouckaert2018
posterior-107,STATE_65500000,posterior.trees,,sample,bayesian,years,Bouckaert2018
posterior-108,STATE_405400000,posterior.trees,,sample,bayesian,years,Bouckaert2018
posterior-109,STATE_135100000,posterior.trees,,sample,bayesian,years,Bouckaert2018
posterior-110,STATE_274800000,posterior.trees,,sample,bayesian,years,Bouckaert2018
posterior-111,STATE_188900000,posterior.trees,,sample,bayesian,years,Bouckaert2018
posterior-112,STATE_166500000,posterior.trees,,sample,bayesian,years,Bouckaert2018
posterior-113,STATE_133900000,posterior.trees,,sample,bayesian,years,Bouckaert2018
posterior-114,STATE_133300000,posterior.trees,,sample,bayesian,years,Bouckaert2018
posterior-115,STATE_236100000,posterior.trees,,sample,bayesian,years,Bouckaert2018
posterior-116,STATE_122900000,posterior.trees,,sample,bayesian,years,Bouckaert2018
posterior-117,STATE_440000000,posterior.trees,,sample,bayesian,years,Bouckaert2018
posterior-118,STATE_74200000,posterior.trees,,sample,bayesian,years,Bouckaert2018
posterior-119,STATE_425600000,posterior.trees,,sample,bayesian,years,Bouckaert2018
posterior-120,STATE_2700000,posterior.trees,,sample,bayesian,years,Bouckaert2018
posterior-121,STATE_120000000,posterior.trees,,sample,bayesian,years,Bouckaert2018
posterior-122,STATE_2600000,posterior.trees,,sample,bayesian,years,Bouckaert2018
posterior-123,STATE_538700000,posterior.trees,,sample,bayesian,years,Bouckaert2018
posterior-124,STATE_406300000,posterior.trees,,sample,bayesian,years,Bouckaert2018
posterior-125,STATE_151400000,posterior.trees,,sample,bayesian,years,Bouckaert2018
posterior-126,STATE_497600000,posterior.trees,,sample,bayesian,years,Bouckaert2018
posterior-127,STATE_78500000,posterior.trees,,sample,bayesian,years,Bouckaert2018
posterior-128,STATE_216400000,posterior.trees,,sample,bayesian,years,Bouckaert2018
posterior-129,STATE_413800000,posterior.trees,,sample,bayesian,years,Bouckaert2018
posterior-130,STATE_332700000,posterior.trees,,sample,bayesian,years,Bouckaert2018
posterior-131,STATE_54100000,posterior.trees,,sample,bayesian,years,Bouckaert2018
posterior-132,STATE_377500000,posterior.trees,,sample,bayesian,years,Bouckaert2018
posterior-133,STATE_341300000,posterior.trees,,sample,bayesian,years,Bouckaert2018
posterior-134,STATE_149000000,posterior.trees,,sample,bayesian,years,Bouckaert2018
posterior-135,STATE_199200000,posterior.trees,,sample,bayesian,years,Bouckaert2018
posterior-136,STATE_150900000,posterior.trees,,sample,bayesian,years,Bouckaert2018
posterior-137,STATE_22300000,posterior.trees,,sample,bayesian,years,Bouckaert2018
posterior-138,STATE_305400000,posterior.trees,,sample,bayesian,years,Bouckaert2018
posterior-139,STATE_270700000,posterior.trees,,sample,bayesian,years,Bouckaert2018
posterior-140,STATE_144100000,posterior.trees,,sample,bayesian,years,Bouckaert2018
posterior-141,STATE_323300000,posterior.trees,,sample,bayesian,years,Bouckaert2018
posterior-142,STATE_145600000,posterior.trees,,sample,bayesian,years,Bouckaert2018
posterior-143,STATE_145800000,posterior.trees,,sample,bayesian,years,Bouckaert2018
posterior-144,STATE_468200000,posterior.trees,,sample,bayesian,years,Bouckaert2018
posterior-145,STATE_203900000,posterior.trees,,sample,bayesian,years,Bouckaert2018
posterior-146,STATE_338500000,posterior.trees,,sample,bayesian,years,Bouckaert2018
posterior-147,STATE_420400000,posterior.trees,,sample,bayesian,years,Bouckaert2018
posterior-148,STATE_342000000,posterior.trees,,sample,bayesian,years,Bouckaert2018
posterior-149,STATE_266200000,posterior.trees,,sample,bayesian,years,Bouckaert2018
posterior-150,STATE_98400000,posterior.trees,,sample,bayesian,years,Bouckaert2018
posterior-151,STATE_55400000,posterior.trees,,sample,bayesian,years,Bouckaert2018
posterior-152,STATE_527300000,posterior.trees,,sample,bayesian,years,Bouckaert2018
posterior-153,STATE_377200000,posterior.trees,,sample,bayesian,years,Bouckaert2018
posterior-154,STATE_159700000,posterior.trees,,sample,bayesian,years,Bouckaert2018
posterior-155,STATE_514500000,posterior.trees,,sample,bayesian,years,Bouckaert2018
posterior-156,STATE_508900000,posterior.trees,,sample,bayesian,years,Bouckaert2018
posterior-157,STATE_467900000,posterior.trees,,sample,bayesian,years,Bouckaert2018
posterior-158,STATE_165300000,posterior.trees,,sample,bayesian,years,Bouckaert2018
posterior-159,STATE_110600000,posterior.trees,,sample,bayesian,years,Bouckaert2018
posterior-160,STATE_434900000,posterior.trees,,sample,bayesian,years,Bouckaert2018
posterior-161,STATE_191000000,posterior.trees,,sample,bayesian,years,Bouckaert2018
posterior-162,STATE_270500000,posterior.trees,,sample,bayesian,years,Bouckaert2018
posterior-163,STATE_465100000,posterior.trees,,sample,bayesian,years,Bouckaert2018
posterior-164,STATE_239400000,posterior.trees,,sample,bayesian,years,Bouckaert2018
posterior-165,STATE_102600000,posterior.trees,,sample,bayesian,years,Bouckaert2018
posterior-166,STATE_440900000,posterior.trees,,sample,bayesian,years,Bouckaert2018
posterior-167,STATE_418000000,posterior.trees,,sample,bayesian,years,Bouckaert2018
posterior-168,STATE_48400000,posterior.trees,,sample,bayesian,years,Bouckaert2018
posterior-169,STATE_212900000,posterior.trees,,sample,bayesian,years,Bouckaert2018
posterior-170,STATE_349600000,posterior.trees,,sample,bayesian,years,Bouckaert2018
posterior-171,STATE_36000000,posterior.trees,,sample,bayesian,years,Bouckaert2018
posterior-172,STATE_298100000,posterior.trees,,sample,bayesian,years,Bouckaert2018
posterior-173,STATE_423200000,posterior.trees,,sample,bayesian,years,Bouckaert2018
posterior-174,STATE_439000000,posterior.trees,,sample,bayesian,years,Bouckaert2018
posterior-175,STATE_470200000,posterior.trees,,sample,bayesian,years,Bouckaert2018
posterior-176,STATE_88100000,posterior.trees,,sample,bayesian,years,Bouckaert2018
posterior-177,STATE_515500000,posterior.trees,,sample,bayesian,years,Bouckaert2018
posterior-178,STATE_55600000,posterior.trees,,sample,bayesian,years,Bouckaert2018
posterior-179,STATE_127900000,posterior.trees,,sample,bayesian,years,Bouckaert2018
posterior-180,STATE_304100000,posterior.trees,,sample,bayesian,years,Bouckaert2018
posterior-181,STATE_520000000,posterior.trees,,sample,bayesian,years,Bouckaert2018
posterior-182,STATE_28900000,posterior.trees,,sample,bayesian,years,Bouckaert2018
posterior-183,STATE_225200000,posterior.trees,,sample,bayesian,years,Bouckaert2018
posterior-184,STATE_363700000,posterior.trees,,sample,bayesian,years,Bouckaert2018
posterior-185,STATE_302000000,posterior.trees,,sample,bayesian,years,Bouckaert2018
posterior-186,STATE_329100000,posterior.trees,,sample,bayesian,years,Bouckaert2018
posterior-187,STATE_251700000,posterior.trees,,sample,bayesian,years,Bouckaert2018
posterior-188,STATE_367900000,posterior.trees,,sample,bayesian,years,Bouckaert2018
posterior-189,STATE_500000000,posterior.trees,,sample,bayesian,years,Bouckaert2018
posterior-190,STATE_216500000,posterior.trees,,sample,bayesian,years,Bouckaert2018
posterior-191,STATE_255400000,posterior.trees,,sample,bayesian,years,Bouckaert2018
posterior-192,STATE_403400000,posterior.trees,,sample,bayesian,years,Bouckaert2018
posterior-193,STATE_393500000,posterior.trees,,sample,bayesian,years,Bouckaert2018
posterior-194,STATE_41200000,posterior.trees,,sample,bayesian,years,Bouckaert2018
posterior-195,STATE_217100000,posterior.trees,,sample,bayesian,years,Bouckaert2018
posterior-196,STATE_365000000,posterior.trees,,sample,bayesian,years,Bouckaert2018
posterior-197,STATE_24000000,posterior.trees,,sample,bayesian,years,Bouckaert2018
posterior-198,STATE_179900000,posterior.trees,,sample,bayesian,years,Bouckaert2018
posterior-199,STATE_282600000,posterior.trees,,sample,bayesian,years,Bouckaert2018
posterior-200,STATE_111400000,posterior.trees,,sample,bayesian,years,Bouckaert2018
posterior-201,STATE_1600000,posterior.trees,,sample,bayesian,years,Bouckaert2018
posterior-202,STATE_512400000,posterior.trees,,sample,bayesian,years,Bouckaert2018
posterior-203,STATE_68100000,posterior.trees,,sample,bayesian,years,Bouckaert2018
posterior-204,STATE_25000000,posterior.trees,,sample,bayesian,years,Bouckaert2018
posterior-205,STATE_90900000,posterior.trees,,sample,bayesian,years,Bouckaert2018
posterior-206,STATE_493500000,posterior.trees,,sample,bayesian,years,Bouckaert2018
posterior-207,STATE_153900000,posterior.trees,,sample,bayesian,years,Bouckaert2018
posterior-208,STATE_325100000,posterior.trees,,sample,bayesian,years,Bouckaert2018
posterior-209,STATE_401800000,posterior.trees,,sample,bayesian,years,Bouckaert2018
posterior-210,STATE_148900000,posterior.trees,,sample,bayesian,years,Bouckaert2018
posterior-211,STATE_223300000,posterior.trees,,sample,bayesian,years,Bouckaert2018
posterior-212,STATE_286000000,posterior.trees,,sample,bayesian,years,Bouckaert2018
posterior-213,STATE_170800000,posterior.trees,,sample,bayesian,years,Bouckaert2018
posterior-214,STATE_245800000,posterior.trees,,sample,bayesian,years,Bouckaert2018
posterior-215,STATE_258200000,posterior.trees,,sample,bayesian,years,Bouckaert2018
posterior-216,STATE_318000000,posterior.trees,,sample,bayesian,years,Bouckaert2018
posterior-217,STATE_61800000,posterior.trees,,sample,bayesian,years,Bouckaert2018
posterior-218,STATE_505300000,posterior.trees,,sample,bayesian,years,Bouckaert2018
posterior-219,STATE_246400000,posterior.trees,,sample,bayesian,years,Bouckaert2018
posterior-220,STATE_301700000,posterior.trees,,sample,bayesian,years,Bouckaert2018
posterior-221,STATE_33100000,posterior.trees,,sample,bayesian,years,Bouckaert2018
posterior-222,STATE_343400000,posterior.trees,,sample,bayesian,years,Bouckaert2018
posterior-223,STATE_155400000,posterior.trees,,sample,bayesian,years,Bouckaert2018
posterior-224,STATE_131500000,posterior.trees,,sample,bayesian,years,Bouckaert2018
posterior-225,STATE_67000000,posterior.trees,,sample,bayesian,years,Bouckaert2018
posterior-226,STATE_117000000,posterior.trees,,sample,bayesian,years,Bouckaert2018
posterior-227,STATE_251000000,posterior.trees,,sample,bayesian,years,Bouckaert2018
posterior-228,STATE_190200000,posterior.trees,,sample,bayesian,years,Bouckaert2018
posterior-229,STATE_272600000,posterior.trees,,sample,bayesian,years,Bouckaert2018
posterior-230,STATE_347500000,posterior.trees,,sample,bayesian,years,Bouckaert2018
posterior-231,STATE_164500000,posterior.trees,,sample,bayesian,years,Bouckaert2018
posterior-232,STATE_122700000,posterior.trees,,sample,bayesian,years,Bouckaert2018
posterior-233,STATE_93100000,posterior.trees,,sample,bayesian,years,Bouckaert2018
posterior-234,STATE_421000000,posterior.trees,,sample,bayesian,years,Bouckaert2018
posterior-235,STATE_25800000,posterior.trees,,sample,bayesian,years,Bouckaert2018
posterior-236,STATE_279300000,posterior.trees,,sample,bayesian,years,Bouckaert2018
posterior-237,STATE_321200000,posterior.trees,,sample,bayesian,years,Bouckaert2018
posterior-238,STATE_261600000,posterior.trees,,sample,bayesian,years,Bouckaert2018
posterior-239,STATE_33400000,posterior.trees,,sample,bayesian,years,Bouckaert2018
posterior-240,STATE_197700000,posterior.trees,,sample,bayesian,years,Bouckaert2018
posterior-241,STATE_81600000,posterior.trees,,sample,bayesian,years,Bouckaert2018
posterior-242,STATE_397000000,posterior.trees,,sample,bayesian,years,Bouckaert2018
posterior-243,STATE_121600000,posterior.trees,,sample,bayesian,years,Bouckaert2018
posterior-244,STATE_473800000,posterior.trees,,sample,bayesian,years,Bouckaert2018
posterior-245,STATE_168900000,posterior.trees,,sample,bayesian,years,Bouckaert2018
posterior-246,STATE_212200000,posterior.trees,,sample,bayesian,years,Bouckaert2018
posterior-247,STATE_466800000,posterior.trees,,sample,bayesian,years,Bouckaert2018
posterior-248,STATE_436100000,posterior.trees,,sample,bayesian,years,Bouckaert2018
posterior-249,STATE_294000000,posterior.trees,,sample,bayesian,years,Bouckaert2018
posterior-250,STATE_129700000,posterior.trees,,sample,bayesian,years,Bouckaert2018
posterior-251,STATE_232700000,posterior.trees,,sample,bayesian,years,Bouckaert2018
posterior-252,STATE_31100000,posterior.trees,,sample,bayesian,years,Bouckaert2018
posterior-253,STATE_75100000,posterior.trees,,sample,bayesian,years,Bouckaert2018
posterior-254,STATE_76900000,posterior.trees,,sample,bayesian,years,Bouckaert2018
posterior-255,STATE_432200000,posterior.trees,,sample,bayesian,years,Bouckaert2018
posterior-256,STATE_169800000,posterior.trees,,sample,bayesian,years,Bouckaert2018
posterior-257,STATE_450100000,posterior.trees,,sample,bayesian,years,Bouckaert2018
posterior-258,STATE_413000000,posterior.trees,,sample,bayesian,years,Bouckaert2018
posterior-259,STATE_538400000,posterior.trees,,sample,bayesian,years,Bouckaert2018
posterior-260,STATE_335900000,posterior.trees,,sample,bayesian,years,Bouckaert2018
posterior-261,STATE_429200000,posterior.trees,,sample,bayesian,years,Bouckaert2018
posterior-262,STATE_12400000,posterior.trees,,sample,bayesian,years,Bouckaert2018
posterior-263,STATE_425900000,posterior.trees,,sample,bayesian,years,Bouckaert2018
posterior-264,STATE_124100000,posterior.trees,,sample,bayesian,years,Bouckaert2018
posterior-265,STATE_482000000,posterior.trees,,sample,bayesian,years,Bouckaert2018
posterior-266,STATE_435500000,posterior.trees,,sample,bayesian,years,Bouckaert2018
posterior-267,STATE_266500000,posterior.trees,,sample,bayesian,years,Bouckaert2018
posterior-268,STATE_481700000,posterior.trees,,sample,bayesian,years,Bouckaert2018
posterior-269,STATE_374700000,posterior.trees,,sample,bayesian,years,Bouckaert2018
posterior-270,STATE_339600000,posterior.trees,,sample,bayesian,years,Bouckaert2018
posterior-271,STATE_360100000,posterior.trees,,sample,bayesian,years,Bouckaert2018
posterior-272,STATE_20100000,posterior.trees,,sample,bayesian,years,Bouckaert2018
posterior-273,STATE_304500000,posterior.trees,,sample,bayesian,years,Bouckaert2018
posterior-274,STATE_22400000,posterior.trees,,sample,bayesian,years,Bouckaert2018
posterior-275,STATE_318200000,posterior.trees,,sample,bayesian,years,Bouckaert2018
posterior-276,STATE_289600000,posterior.trees,,sample,bayesian,years,Bouckaert2018
posterior-277,STATE_443100000,posterior.trees,,sample,bayesian,years,Bouckaert2018
posterior-278,STATE_539000000,posterior.trees,,sample,bayesian,years,Bouckaert2018
posterior-279,STATE_486800000,posterior.trees,,sample,bayesian,years,Bouckaert2018
posterior-280,STATE_13900000,posterior.trees,,sample,bayesian,years,Bouckaert2018
posterior-281,STATE_261500000,posterior.trees,,sample,bayesian,years,Bouckaert2018
posterior-282,STATE_385200000,posterior.trees,,sample,bayesian,years,Bouckaert2018
posterior-283,STATE_358500000,posterior.trees,,sample,bayesian,years,Bouckaert2018
posterior-284,STATE_37400000,posterior.trees,,sample,bayesian,years,Bouckaert2018
posterior-285,STATE_261300000,posterior.trees,,sample,bayesian,years,Bouckaert2018
posterior-286,STATE_256500000,posterior.trees,,sample,bayesian,years,Bouckaert2018
posterior-287,STATE_319000000,posterior.trees,,sample,bayesian,years,Bouckaert2018
posterior-288,STATE_244500000,posterior.trees,,sample,bayesian,years,Bouckaert2018
posterior-289,STATE_102700000,posterior.trees,,sample,bayesian,years,Bouckaert2018
posterior-290,STATE_311000000,posterior.trees,,sample,bayesian,years,Bouckaert2018
posterior-291,STATE_463100000,posterior.trees,,sample,bayesian,years,Bouckaert2018
posterior-292,STATE_509900000,posterior.trees,,sample,bayesian,years,Bouckaert2018
posterior-293,STATE_46400000,posterior.trees,,sample,bayesian,years,Bouckaert2018
posterior-294,STATE_467100000,posterior.trees,,sample,bayesian,years,Bouckaert2018
posterior-295,STATE_89900000,posterior.trees,,sample,bayesian,years,Bouckaert2018
posterior-296,STATE_398200000,posterior.trees,,sample,bayesian,years,Bouckaert2018
posterior-297,STATE_97200000,posterior.trees,,sample,bayesian,years,Bouckaert2018
posterior-298,STATE_78900000,posterior.trees,,sample,bayesian,years,Bouckaert2018
posterior-299,STATE_503600000,posterior.trees,,sample,bayesian,years,Bouckaert2018
posterior-300,STATE_142600000,posterior.trees,,sample,bayesian,years,Bouckaert2018
posterior-301,STATE_27200000,posterior.trees,,sample,bayesian,years,Bouckaert2018
posterior-302,STATE_41900000,posterior.trees,,sample,bayesian,years,Bouckaert2018
posterior-303,STATE_253000000,posterior.trees,,sample,bayesian,years,Bouckaert2018
posterior-304,STATE_177300000,posterior.trees,,sample,bayesian,years,Bouckaert2018
posterior-305,STATE_430100000,posterior.trees,,sample,bayesian,years,Bouckaert2018
posterior-306,STATE_79000000,posterior.trees,,sample,bayesian,years,Bouckaert2018
posterior-307,STATE_377100000,posterior.trees,,sample,bayesian,years,Bouckaert2018
posterior-308,STATE_384200000,posterior.trees,,sample,bayesian,years,Bouckaert2018
posterior-309,STATE_48200000,posterior.trees,,sample,bayesian,years,Bouckaert2018
posterior-310,STATE_346800000,posterior.trees,,sample,bayesian,years,Bouckaert2018
posterior-311,STATE_180200000,posterior.trees,,sample,bayesian,years,Bouckaert2018
posterior-312,STATE_181900000,posterior.trees,,sample,bayesian,years,Bouckaert2018
posterior-313,STATE_269900000,posterior.trees,,sample,bayesian,years,Bouckaert2018
posterior-314,STATE_132800000,posterior.trees,,sample,bayesian,years,Bouckaert2018
posterior-315,STATE_313900000,posterior.trees,,sample,bayesian,years,Bouckaert2018
posterior-316,STATE_481800000,posterior.trees,,sample,bayesian,years,Bouckaert2018
posterior-317,STATE_445000000,posterior.trees,,sample,bayesian,years,Bouckaert2018
posterior-318,STATE_197900000,posterior.trees,,sample,bayesian,years,Bouckaert2018
posterior-319,STATE_386300000,posterior.trees,,sample,bayesian,years,Bouckaert2018
posterior-320,STATE_147700000,posterior.trees,,sample,bayesian,years,Bouckaert2018
posterior-321,STATE_170700000,posterior.trees,,sample,bayesian,years,Bouckaert2018
posterior-322,STATE_453500000,posterior.trees,,sample,bayesian,years,Bouckaert2018
posterior-323,STATE_470500000,posterior.trees,,sample,bayesian,years,Bouckaert2018
posterior-324,STATE_451500000,posterior.trees,,sample,bayesian,years,Bouckaert2018
posterior-325,STATE_524100000,posterior.trees,,sample,bayesian,years,Bouckaert2018
posterior-326,STATE_175200000,posterior.trees,,sample,bayesian,years,Bouckaert2018
posterior-327,STATE_130500000,posterior.trees,,sample,bayesian,years,Bouckaert2018
posterior-328,STATE_373100000,posterior.trees,,sample,bayesian,years,Bouckaert2018
posterior-329,STATE_11800000,posterior.trees,,sample,bayesian,years,Bouckaert2018
posterior-330,STATE_532900000,posterior.trees,,sample,bayesian,years,Bouckaert2018
posterior-331,STATE_159600000,posterior.trees,,sample,bayesian,years,Bouckaert2018
posterior-332,STATE_59900000,posterior.trees,,sample,bayesian,years,Bouckaert2018
posterior-333,STATE_57100000,posterior.trees,,sample,bayesian,years,Bouckaert2018
posterior-334,STATE_459200000,posterior.trees,,sample,bayesian,years,Bouckaert2018
posterior-335,STATE_100100000,posterior.trees,,sample,bayesian,years,Bouckaert2018
posterior-336,STATE_77300000,posterior.trees,,sample,bayesian,years,Bouckaert2018
posterior-337,STATE_217200000,posterior.trees,,sample,bayesian,years,Bouckaert2018
posterior-338,STATE_464300000,posterior.trees,,sample,bayesian,years,Bouckaert2018
posterior-339,STATE_193000000,posterior.trees,,sample,bayesian,years,Bouckaert2018
posterior-340,STATE_174900000,posterior.trees,,sample,bayesian,years,Bouckaert2018
posterior-341,STATE_227400000,posterior.trees,,sample,bayesian,years,Bouckaert2018
posterior-342,STATE_184500000,posterior.trees,,sample,bayesian,years,Bouckaert2018
posterior-343,STATE_407600000,posterior.trees,,sample,bayesian,years,Bouckaert2018
posterior-344,STATE_303200000,posterior.trees,,sample,bayesian,years,Bouckaert2018
posterior-345,STATE_365900000,posterior.trees,,sample,bayesian,years,Bouckaert2018
posterior-346,STATE_330500000,posterior.trees,,sample,bayesian,years,Bouckaert2018
posterior-347,STATE_460500000,posterior.trees,,sample,bayesian,years,Bouckaert2018
posterior-348,STATE_204000000,posterior.trees,,sample,bayesian,years,Bouckaert2018
posterior-349,STATE_533000000,posterior.trees,,sample,bayesian,years,Bouckaert2018
posterior-350,STATE_369100000,posterior.trees,,sample,bayesian,years,Bouckaert2018
posterior-351,STATE_413200000,posterior.trees,,sample,bayesian,years,Bouckaert2018
posterior-352,STATE_88800000,posterior.trees,,sample,bayesian,years,Bouckaert2018
posterior-353,STATE_424400000,posterior.trees,,sample,bayesian,years,Bouckaert2018
posterior-354,STATE_24600000,posterior.trees,,sample,bayesian,years,Bouckaert2018
posterior-355,STATE_420100000,posterior.trees,,sample,bayesian,years,Bouckaert2018
posterior-356,STATE_442500000,posterior.trees,,sample,bayesian,years,Bouckaert2018
posterior-357,STATE_301400000,posterior.trees,,sample,bayesian,years,Bouckaert2018
posterior-358,STATE_195600000,posterior.trees,,sample,bayesian,years,Bouckaert2018
posterior-359,STATE_327400000,posterior.trees,,sample,bayesian,years,Bouckaert2018
posterior-360,STATE_404000000,posterior.trees,,sample,bayesian,years,Bouckaert2018
posterior-361,STATE_67500000,posterior.trees,,sample,bayesian,years,Bouckaert2018
posterior-362,STATE_345300000,posterior.trees,,sample,bayesian,years,Bouckaert2018
posterior-363,STATE_381300000,posterior.trees,,sample,bayesian,years,Bouckaert2018
posterior-364,STATE_268400000,posterior.trees,,sample,bayesian,years,Bouckaert2018
posterior-365,STATE_204100000,posterior.trees,,sample,bayesian,years,Bouckaert2018
posterior-366,STATE_363900000,posterior.trees,,sample,bayesian,years,Bouckaert2018
posterior-367,STATE_248800000,posterior.trees,,sample,bayesian,years,Bouckaert2018
posterior-368,STATE_347800000,posterior.trees,,sample,bayesian,years,Bouckaert2018
posterior-369,STATE_463800000,posterior.trees,,sample,bayesian,years,Bouckaert2018
posterior-370,STATE_102000000,posterior.trees,,sample,bayesian,years,Bouckaert2018
posterior-371,STATE_140200000,posterior.trees,,sample,bayesian,years,Bouckaert2018
posterior-372,STATE_178500000,posterior.trees,,sample,bayesian,years,Bouckaert2018
posterior-373,STATE_315200000,posterior.trees,,sample,bayesian,years,Bouckaert2018
posterior-374,STATE_214800000,posterior.trees,,sample,bayesian,years,Bouckaert2018
posterior-375,STATE_467200000,posterior.trees,,sample,bayesian,years,Bouckaert2018
posterior-376,STATE_521200000,posterior.trees,,sample,bayesian,years,Bouckaert2018
posterior-377,STATE_515300000,posterior.trees,,sample,bayesian,years,Bouckaert2018
posterior-378,STATE_4500000,posterior.trees,,sample,bayesian,years,Bouckaert2018
posterior-379,STATE_423100000,posterior.trees,,sample,bayesian,years,Bouckaert2018
posterior-380,STATE_226300000,posterior.trees,,sample,bayesian,years,Bouckaert2018
posterior-381,STATE_19400000,posterior.trees,,sample,bayesian,years,Bouckaert2018
posterior-382,STATE_392600000,posterior.trees,,sample,bayesian,years,Bouckaert2018
posterior-383,STATE_272200000,posterior.trees,,sample,bayesian,years,Bouckaert2018
posterior-384,STATE_517000000,posterior.trees,,sample,bayesian,years,Bouckaert2018
posterior-385,STATE_247500000,posterior.trees,,sample,bayesian,years,Bouckaert2018
posterior-386,STATE_23000000,posterior.trees,,sample,bayesian,years,Bouckaert2018
posterior-387,STATE_325700000,posterior.trees,,sample,bayesian,years,Bouckaert2018
posterior-388,STATE_300600000,posterior.trees,,sample,bayesian,years,Bouckaert2018
posterior-389,STATE_459700000,posterior.trees,,sample,bayesian,years,Bouckaert2018
posterior-390,STATE_205100000,posterior.trees,,sample,bayesian,years,Bouckaert2018
posterior-391,STATE_188700000,posterior.trees,,sample,bayesian,years,Bouckaert2018
posterior-392,STATE_75500000,posterior.trees,,sample,bayesian,years,Bouckaert2018
posterior-393,STATE_167100000,posterior.trees,,sample,bayesian,years,Bouckaert2018
posterior-394,STATE_205800000,posterior.trees,,sample,bayesian,years,Bouckaert2018
posterior-395,STATE_458500000,posterior.trees,,sample,bayesian,years,Bouckaert2018
posterior-396,STATE_4700000,posterior.trees,,sample,bayesian,years,Bouckaert2018
posterior-397,STATE_13500000,posterior.trees,,sample,bayesian,years,Bouckaert2018
posterior-398,STATE_123900000,posterior.trees,,sample,bayesian,years,Bouckaert2018
posterior-399,STATE_461500000,posterior.trees,,sample,bayesian,years,Bouckaert2018
posterior-400,STATE_476800000,posterior.trees,,sample,bayesian,years,Bouckaert2018
posterior-401,STATE_109200000,posterior.trees,,sample,bayesian,years,Bouckaert2018
posterior-402,STATE_269000000,posterior.trees,,sample,bayesian,years,Bouckaert2018
posterior-403,STATE_174600000,posterior.trees,,sample,bayesian,years,Bouckaert2018
posterior-404,STATE_105100000,posterior.trees,,sample,bayesian,years,Bouckaert2018
posterior-405,STATE_499200000,posterior.trees,,sample,bayesian,years,Bouckaert2018
posterior-406,STATE_510300000,posterior.trees,,sample,bayesian,years,Bouckaert2018
posterior-407,STATE_417900000,posterior.trees,,sample,bayesian,years,Bouckaert2018
posterior-408,STATE_234100000,posterior.trees,,sample,bayesian,years,Bouckaert2018
posterior-409,STATE_23700000,posterior.trees,,sample,bayesian,years,Bouckaert2018
posterior-410,STATE_172100000,posterior.trees,,sample,bayesian,years,Bouckaert2018
posterior-411,STATE_351200000,posterior.trees,,sample,bayesian,years,Bouckaert2018
posterior-412,STATE_322200000,posterior.trees,,sample,bayesian,years,Bouckaert2018
posterior-413,STATE_475900000,posterior.trees,,sample,bayesian,years,Bouckaert2018
posterior-414,STATE_328900000,posterior.trees,,sample,bayesian,years,Bouckaert2018
posterior-415,STATE_529500000,posterior.trees,,sample,bayesian,years,Bouckaert2018
posterior-416,STATE_524600000,posterior.trees,,sample,bayesian,years,Bouckaert2018
posterior-417,STATE_360500000,posterior.trees,,sample,bayesian,years,Bouckaert2018
posterior-418,STATE_467500000,posterior.trees,,sample,bayesian,years,Bouckaert2018
posterior-419,STATE_460700000,posterior.trees,,sample,bayesian,years,Bouckaert2018
posterior-420,STATE_229300000,posterior.trees,,sample,bayesian,years,Bouckaert2018
posterior-421,STATE_411200000,posterior.trees,,sample,bayesian,years,Bouckaert2018
posterior-422,STATE_231300000,posterior.trees,,sample,bayesian,years,Bouckaert2018
posterior-423,STATE_539200000,posterior.trees,,sample,bayesian,years,Bouckaert2018
posterior-424,STATE_390900000,posterior.trees,,sample,bayesian,years,Bouckaert2018
posterior-425,STATE_395300000,posterior.trees,,sample,bayesian,years,Bouckaert2018
posterior-426,STATE_531600000,posterior.trees,,sample,bayesian,years,Bouckaert2018
posterior-427,STATE_129900000,posterior.trees,,sample,bayesian,years,Bouckaert2018
posterior-428,STATE_345700000,posterior.trees,,sample,bayesian,years,Bouckaert2018
posterior-429,STATE_38900000,posterior.trees,,sample,bayesian,years,Bouckaert2018
posterior-430,STATE_80500000,posterior.trees,,sample,bayesian,years,Bouckaert2018
posterior-431,STATE_97600000,posterior.trees,,sample,bayesian,years,Bouckaert2018
posterior-432,STATE_218200000,posterior.trees,,sample,bayesian,years,Bouckaert2018
posterior-433,STATE_257800000,posterior.trees,,sample,bayesian,years,Bouckaert2018
posterior-434,STATE_338100000,posterior.trees,,sample,bayesian,years,Bouckaert2018
posterior-435,STATE_321400000,posterior.trees,,sample,bayesian,years,Bouckaert2018
posterior-436,STATE_390600000,posterior.trees,,sample,bayesian,years,Bouckaert2018
posterior-437,STATE_75900000,posterior.trees,,sample,bayesian,years,Bouckaert2018
posterior-438,STATE_319200000,posterior.trees,,sample,bayesian,years,Bouckaert2018
posterior-439,STATE_526200000,posterior.trees,,sample,bayesian,years,Bouckaert2018
posterior-440,STATE_99200000,posterior.trees,,sample,bayesian,years,Bouckaert2018
posterior-441,STATE_352900000,posterior.trees,,sample,bayesian,years,Bouckaert2018
posterior-442,STATE_188300000,posterior.trees,,sample,bayesian,years,Bouckaert2018
posterior-443,STATE_508400000,posterior.trees,,sample,bayesian,years,Bouckaert2018
posterior-444,STATE_5900000,posterior.trees,,sample,bayesian,years,Bouckaert2018
posterior-445,STATE_127400000,posterior.trees,,sample,bayesian,years,Bouckaert2018
posterior-446,STATE_513500000,posterior.trees,,sample,bayesian,years,Bouckaert2018
posterior-447,STATE_11700000,posterior.trees,,sample,bayesian,years,Bouckaert2018
posterior-448,STATE_291500000,posterior.trees,,sample,bayesian,years,Bouckaert2018
posterior-449,STATE_131100000,posterior.trees,,sample,bayesian,years,Bouckaert2018
posterior-450,STATE_221000000,posterior.trees,,sample,bayesian,years,Bouckaert2018
posterior-451,STATE_118300000,posterior.trees,,sample,bayesian,years,Bouckaert2018
posterior-452,STATE_317200000,posterior.trees,,sample,bayesian,years,Bouckaert2018
posterior-453,STATE_131300000,posterior.trees,,sample,bayesian,years,Bouckaert2018
posterior-454,STATE_255500000,posterior.trees,,sample,bayesian,years,Bouckaert2018
posterior-455,STATE_264100000,posterior.trees,,sample,bayesian,years,Bouckaert2018
posterior-456,STATE_492100000,posterior.trees,,sample,bayesian,years,Bouckaert2018
posterior-457,STATE_259000000,posterior.trees,,sample,bayesian,years,Bouckaert2018
posterior-458,STATE_352100000,posterior.trees,,sample,bayesian,years,Bouckaert2018
posterior-459,STATE_32100000,posterior.trees,,sample,bayesian,years,Bouckaert2018
posterior-460,STATE_290100000,posterior.trees,,sample,bayesian,years,Bouckaert2018
posterior-461,STATE_200900000,posterior.trees,,sample,bayesian,years,Bouckaert2018
posterior-462,STATE_491900000,posterior.trees,,sample,bayesian,years,Bouckaert2018
posterior-463,STATE_375000000,posterior.trees,,sample,bayesian,years,Bouckaert2018
posterior-464,STATE_21900000,posterior.trees,,sample,bayesian,years,Bouckaert2018
posterior-465,STATE_284100000,posterior.trees,,sample,bayesian,years,Bouckaert2018
posterior-466,STATE_407800000,posterior.trees,,sample,bayesian,years,Bouckaert2018
posterior-467,STATE_112300000,posterior.trees,,sample,bayesian,years,Bouckaert2018
posterior-468,STATE_497200000,posterior.trees,,sample,bayesian,years,Bouckaert2018
posterior-469,STATE_306400000,posterior.trees,,sample,bayesian,years,Bouckaert2018
posterior-470,STATE_448400000,posterior.trees,,sample,bayesian,years,Bouckaert2018
posterior-471,STATE_108300000,posterior.trees,,sample,bayesian,years,Bouckaert2018
posterior-472,STATE_408600000,posterior.trees,,sample,bayesian,years,Bouckaert2018
posterior-473,STATE_369800000,posterior.trees,,sample,bayesian,years,Bouckaert2018
posterior-474,STATE_9100000,posterior.trees,,sample,bayesian,years,Bouckaert2018
posterior-475,STATE_381900000,posterior.trees,,sample,bayesian,years,Bouckaert2018
posterior-476,STATE_301100000,posterior.trees,,sample,bayesian,years,Bouckaert2018
posterior-477,STATE_189000000,posterior.trees,,sample,bayesian,years,Bouckaert2018
posterior-478,STATE_335400000,posterior.trees,,sample,bayesian,years,Bouckaert2018
posterior-479,STATE_386400000,posterior.trees,,sample,bayesian,years,Bouckaert2018
posterior-480,STATE_184600000,posterior.trees,,sample,bayesian,years,Bouckaert2018
posterior-481,STATE_505200000,posterior.trees,,sample,bayesian,years,Bouckaert2018
posterior-482,STATE_416300000,posterior.trees,,sample,bayesian,years,Bouckaert2018
posterior-483,STATE_278500000,posterior.trees,,sample,bayesian,years,Bouckaert2018
posterior-484,STATE_402700000,posterior.trees,,sample,bayesian,years,Bouckaert2018
posterior-485,STATE_242000000,posterior.trees,,sample,bayesian,years,Bouckaert2018
posterior-486,STATE_487500000,posterior.trees,,sample,bayesian,years,Bouckaert2018
posterior-487,STATE_187200000,posterior.trees,,sample,bayesian,years,Bouckaert2018
posterior-488,STATE_261800000,posterior.trees,,sample,bayesian,years,Bouckaert2018
posterior-489,STATE_79800000,posterior.trees,,sample,bayesian,years,Bouckaert2018
posterior-490,STATE_122800000,posterior.trees,,sample,bayesian,years,Bouckaert2018
posterior-491,STATE_152100000,posterior.trees,,sample,bayesian,years,Bouckaert2018
posterior-492,STATE_437300000,posterior.trees,,sample,bayesian,years,Bouckaert2018
posterior-493,STATE_37900000,posterior.trees,,sample,bayesian,years,Bouckaert2018
posterior-494,STATE_100700000,posterior.trees,,sample,bayesian,years,Bouckaert2018
posterior-495,STATE_317000000,posterior.trees,,sample,bayesian,years,Bouckaert2018
posterior-496,STATE_102500000,posterior.trees,,sample,bayesian,years,Bouckaert2018
posterior-497,STATE_303500000,posterior.trees,,sample,bayesian,years,Bouckaert2018
posterior-498,STATE_52500000,posterior.trees,,sample,bayesian,years,Bouckaert2018
posterior-499,STATE_164100000,posterior.trees,,sample,bayesian,years,Bouckaert2018
posterior-500,STATE_539900000,posterior.trees,,sample,bayesian,years,Bouckaert2018
posterior-501,STATE_176100000,posterior.trees,,sample,bayesian,years,Bouckaert2018
posterior-502,STATE_900000,posterior.trees,,sample,bayesian,years,Bouckaert2018
posterior-503,STATE_78300000,posterior.trees,,sample,bayesian,years,Bouckaert2018
posterior-504,STATE_276100000,posterior.trees,,sample,bayesian,years,Bouckaert2018
posterior-505,STATE_213600000,posterior.trees,,sample,bayesian,years,Bouckaert2018
posterior-506,STATE_481400000,posterior.trees,,sample,bayesian,years,Bouckaert2018
posterior-507,STATE_534400000,posterior.trees,,sample,bayesian,years,Bouckaert2018
posterior-508,STATE_504200000,posterior.trees,,sample,bayesian,years,Bouckaert2018
posterior-509,STATE_226800000,posterior.trees,,sample,bayesian,years,Bouckaert2018
posterior-510,STATE_502500000,posterior.trees,,sample,bayesian,years,Bouckaert2018
posterior-511,STATE_469400000,posterior.trees,,sample,bayesian,years,Bouckaert2018
posterior-512,STATE_254300000,posterior.trees,,sample,bayesian,years,Bouckaert2018
posterior-513,STATE_284000000,posterior.trees,,sample,bayesian,years,Bouckaert2018
posterior-514,STATE_258000000,posterior.trees,,sample,bayesian,years,Bouckaert2018
posterior-515,STATE_320800000,posterior.trees,,sample,bayesian,years,Bouckaert2018
posterior-516,STATE_17500000,posterior.trees,,sample,bayesian,years,Bouckaert2018
posterior-517,STATE_99100000,posterior.trees,,sample,bayesian,years,Bouckaert2018
posterior-518,STATE_482200000,posterior.trees,,sample,bayesian,years,Bouckaert2018
posterior-519,STATE_358900000,posterior.trees,,sample,bayesian,years,Bouckaert2018
posterior-520,STATE_360600000,posterior.trees,,sample,bayesian,years,Bouckaert2018
posterior-521,STATE_525600000,posterior.trees,,sample,bayesian,years,Bouckaert2018
posterior-522,STATE_258400000,posterior.trees,,sample,bayesian,years,Bouckaert2018
posterior-523,STATE_208900000,posterior.trees,,sample,bayesian,years,Bouckaert2018
posterior-524,STATE_81400000,posterior.trees,,sample,bayesian,years,Bouckaert2018
posterior-525,STATE_237500000,posterior.trees,,sample,bayesian,years,Bouckaert2018
posterior-526,STATE_409900000,posterior.trees,,sample,bayesian,years,Bouckaert2018
posterior-527,STATE_105400000,posterior.trees,,sample,bayesian,years,Bouckaert2018
posterior-528,STATE_115400000,posterior.trees,,sample,bayesian,years,Bouckaert2018
posterior-529,STATE_432300000,posterior.trees,,sample,bayesian,years,Bouckaert2018
posterior-530,STATE_161300000,posterior.trees,,sample,bayesian,years,Bouckaert2018
posterior-531,STATE_219600000,posterior.trees,,sample,bayesian,years,Bouckaert2018
posterior-532,STATE_172800000,posterior.trees,,sample,bayesian,years,Bouckaert2018
posterior-533,STATE_209000000,posterior.trees,,sample,bayesian,years,Bouckaert2018
posterior-534,STATE_293600000,posterior.trees,,sample,bayesian,years,Bouckaert2018
posterior-535,STATE_38600000,posterior.trees,,sample,bayesian,years,Bouckaert2018
posterior-536,STATE_65200000,posterior.trees,,sample,bayesian,years,Bouckaert2018
posterior-537,STATE_115700000,posterior.trees,,sample,bayesian,years,Bouckaert2018
posterior-538,STATE_191100000,posterior.trees,,sample,bayesian,years,Bouckaert2018
posterior-539,STATE_36500000,posterior.trees,,sample,bayesian,years,Bouckaert2018
posterior-540,STATE_114100000,posterior.trees,,sample,bayesian,years,Bouckaert2018
posterior-541,STATE_16100000,posterior.trees,,sample,bayesian,years,Bouckaert2018
posterior-542,STATE_29300000,posterior.trees,,sample,bayesian,years,Bouckaert2018
posterior-543,STATE_117900000,posterior.trees,,sample,bayesian,years,Bouckaert2018
posterior-544,STATE_309600000,posterior.trees,,sample,bayesian,years,Bouckaert2018
posterior-545,STATE_347600000,posterior.trees,,sample,bayesian,years,Bouckaert2018
posterior-546,STATE_474700000,posterior.trees,,sample,bayesian,years,Bouckaert2018
posterior-547,STATE_141800000,posterior.trees,,sample,bayesian,years,Bouckaert2018
posterior-548,STATE_126400000,posterior.trees,,sample,bayesian,years,Bouckaert2018
posterior-549,STATE_417800000,posterior.trees,,sample,bayesian,years,Bouckaert2018
posterior-550,STATE_118100000,posterior.trees,,sample,bayesian,years,Bouckaert2018
posterior-551,STATE_402900000,posterior.trees,,sample,bayesian,years,Bouckaert2018
posterior-552,STATE_85800000,posterior.trees,,sample,bayesian,years,Bouckaert2018
posterior-553,STATE_291900000,posterior.trees,,sample,bayesian,years,Bouckaert2018
posterior-554,STATE_61300000,posterior.trees,,sample,bayesian,years,Bouckaert2018
posterior-555,STATE_127700000,posterior.trees,,sample,bayesian,years,Bouckaert2018
posterior-556,STATE_18300000,posterior.trees,,sample,bayesian,years,Bouckaert2018
posterior-557,STATE_58800000,posterior.trees,,sample,bayesian,years,Bouckaert2018
posterior-558,STATE_290200000,posterior.trees,,sample,bayesian,years,Bouckaert2018
posterior-559,STATE_108200000,posterior.trees,,sample,bayesian,years,Bouckaert2018
posterior-560,STATE_295600000,posterior.trees,,sample,bayesian,years,Bouckaert2018
posterior-561,STATE_280200000,posterior.trees,,sample,bayesian,years,Bouckaert2018
posterior-562,STATE_173500000,posterior.trees,,sample,bayesian,years,Bouckaert2018
posterior-563,STATE_241200000,posterior.trees,,sample,bayesian,years,Bouckaert2018
posterior-564,STATE_160400000,posterior.trees,,sample,bayesian,years,Bouckaert2018
posterior-565,STATE_443600000,posterior.trees,,sample,bayesian,years,Bouckaert2018
posterior-566,STATE_271500000,posterior.trees,,sample,bayesian,years,Bouckaert2018
posterior-567,STATE_332400000,posterior.trees,,sample,bayesian,years,Bouckaert2018
posterior-568,STATE_57900000,posterior.trees,,sample,bayesian,years,Bouckaert2018
posterior-569,STATE_271600000,posterior.trees,,sample,bayesian,years,Bouckaert2018
posterior-570,STATE_133100000,posterior.trees,,sample,bayesian,years,Bouckaert2018
posterior-571,STATE_387000000,posterior.trees,,sample,bayesian,years,Bouckaert2018
posterior-572,STATE_452300000,posterior.trees,,sample,bayesian,years,Bouckaert2018
posterior-573,STATE_138900000,posterior.trees,,sample,bayesian,years,Bouckaert2018
posterior-574,STATE_456700000,posterior.trees,,sample,bayesian,years,Bouckaert2018
posterior-575,STATE_108100000,posterior.trees,,sample,bayesian,years,Bouckaert2018
posterior-576,STATE_315100000,posterior.trees,,sample,bayesian,years,Bouckaert2018
posterior-577,STATE_364000000,posterior.trees,,sample,bayesian,years,Bouckaert2018
posterior-578,STATE_120100000,posterior.trees,,sample,bayesian,years,Bouckaert2018
posterior-579,STATE_209800000,posterior.trees,,sample,bayesian,years,Bouckaert2018
posterior-580,STATE_111600000,posterior.trees,,sample,bayesian,years,Bouckaert2018
posterior-581,STATE_126500000,posterior.trees,,sample,bayesian,years,Bouckaert2018
posterior-582,STATE_455000000,posterior.trees,,sample,bayesian,years,Bouckaert2018
posterior-583,STATE_491500000,posterior.trees,,sample,bayesian,years,Bouckaert2018
posterior-584,STATE_207100000,posterior.trees,,sample,bayesian,years,Bouckaert2018
posterior-585,STATE_209400000,posterior.trees,,sample,bayesian,years,Bouckaert2018
posterior-586,STATE_237400000,posterior.trees,,sample,bayesian,years,Bouckaert2018
posterior-587,STATE_1800000,posterior.trees,,sample,bayesian,years,Bouckaert2018
posterior-588,STATE_423900000,posterior.trees,,sample,bayesian,years,Bouckaert2018
posterior-589,STATE_462500000,posterior.trees,,sample,bayesian,years,Bouckaert2018
posterior-590,STATE_301900000,posterior.trees,,sample,bayesian,years,Bouckaert2018
posterior-591,STATE_328500000,posterior.trees,,sample,bayesian,years,Bouckaert2018
posterior-592,STATE_453000000,posterior.trees,,sample,bayesian,years,Bouckaert2018
posterior-593,STATE_165700000,posterior.trees,,sample,bayesian,years,Bouckaert2018
posterior-594,STATE_308600000,posterior.trees,,sample,bayesian,years,Bouckaert2018
posterior-595,STATE_82600000,posterior.trees,,sample,bayesian,years,Bouckaert2018
posterior-596,STATE_89200000,posterior.trees,,sample,bayesian,years,Bouckaert2018
posterior-597,STATE_524500000,posterior.trees,,sample,bayesian,years,Bouckaert2018
posterior-598,STATE_441700000,posterior.trees,,sample,bayesian,years,Bouckaert2018
posterior-599,STATE_139100000,posterior.trees,,sample,bayesian,years,Bouckaert2018
posterior-600,STATE_380000000,posterior.trees,,sample,bayesian,years,Bouckaert2018
posterior-601,STATE_411000000,posterior.trees,,sample,bayesian,years,Bouckaert2018
posterior-602,STATE_151300000,posterior.trees,,sample,bayesian,years,Bouckaert2018
posterior-603,STATE_61400000,posterior.trees,,sample,bayesian,years,Bouckaert2018
posterior-604,STATE_480500000,posterior.trees,,sample,bayesian,years,Bouckaert2018
posterior-605,STATE_89300000,posterior.trees,,sample,bayesian,years,Bouckaert2018
posterior-606,STATE_88300000,posterior.trees,,sample,bayesian,years,Bouckaert2018
posterior-607,STATE_337700000,posterior.trees,,sample,bayesian,years,Bouckaert2018
posterior-608,STATE_124500000,posterior.trees,,sample,bayesian,years,Bouckaert2018
posterior-609,STATE_37200000,posterior.trees,,sample,bayesian,years,Bouckaert2018
posterior-610,STATE_521300000,posterior.trees,,sample,bayesian,years,Bouckaert2018
posterior-611,STATE_331000000,posterior.trees,,sample,bayesian,years,Bouckaert2018
posterior-612,STATE_211400000,posterior.trees,,sample,bayesian,years,Bouckaert2018
posterior-613,STATE_233900000,posterior.trees,,sample,bayesian,years,Bouckaert2018
posterior-614,STATE_108400000,posterior.trees,,sample,bayesian,years,Bouckaert2018
posterior-615,STATE_426900000,posterior.trees,,sample,bayesian,years,Bouckaert2018
posterior-616,STATE_184400000,posterior.trees,,sample,bayesian,years,Bouckaert2018
posterior-617,STATE_144400000,posterior.trees,,sample,bayesian,years,Bouckaert2018
posterior-618,STATE_521800000,posterior.trees,,sample,bayesian,years,Bouckaert2018
posterior-619,STATE_80200000,posterior.trees,,sample,bayesian,years,Bouckaert2018
posterior-620,STATE_120600000,posterior.trees,,sample,bayesian,years,Bouckaert2018
posterior-621,STATE_228100000,posterior.trees,,sample,bayesian,years,Bouckaert2018
posterior-622,STATE_199800000,posterior.trees,,sample,bayesian,years,Bouckaert2018
posterior-623,STATE_98000000,posterior.trees,,sample,bayesian,years,Bouckaert2018
posterior-624,STATE_257200000,posterior.trees,,sample,bayesian,years,Bouckaert2018
posterior-625,STATE_324400000,posterior.trees,,sample,bayesian,years,Bouckaert2018
posterior-626,STATE_457200000,posterior.trees,,sample,bayesian,years,Bouckaert2018
posterior-627,STATE_482400000,posterior.trees,,sample,bayesian,years,Bouckaert2018
posterior-628,STATE_215700000,posterior.trees,,sample,bayesian,years,Bouckaert2018
posterior-629,STATE_174800000,posterior.trees,,sample,bayesian,years,Bouckaert2018
posterior-630,STATE_306000000,posterior.trees,,sample,bayesian,years,Bouckaert2018
posterior-631,STATE_319900000,posterior.trees,,sample,bayesian,years,Bouckaert2018
posterior-632,STATE_253700000,posterior.trees,,sample,bayesian,years,Bouckaert2018
posterior-633,STATE_4200000,posterior.trees,,sample,bayesian,years,Bouckaert2018
posterior-634,STATE_238900000,posterior.trees,,sample,bayesian,years,Bouckaert2018
posterior-635,STATE_502600000,posterior.trees,,sample,bayesian,years,Bouckaert2018
posterior-636,STATE_354900000,posterior.trees,,sample,bayesian,years,Bouckaert2018
posterior-637,STATE_369300000,posterior.trees,,sample,bayesian,years,Bouckaert2018
posterior-638,STATE_342800000,posterior.trees,,sample,bayesian,years,Bouckaert2018
posterior-639,STATE_397600000,posterior.trees,,sample,bayesian,years,Bouckaert2018
posterior-640,STATE_86100000,posterior.trees,,sample,bayesian,years,Bouckaert2018
posterior-641,STATE_388600000,posterior.trees,,sample,bayesian,years,Bouckaert2018
posterior-642,STATE_388700000,posterior.trees,,sample,bayesian,years,Bouckaert2018
posterior-643,STATE_180300000,posterior.trees,,sample,bayesian,years,Bouckaert2018
posterior-644,STATE_481500000,posterior.trees,,sample,bayesian,years,Bouckaert2018
posterior-645,STATE_37700000,posterior.trees,,sample,bayesian,years,Bouckaert2018
posterior-646,STATE_286900000,posterior.trees,,sample,bayesian,years,Bouckaert2018
posterior-647,STATE_143000000,posterior.trees,,sample,bayesian,years,Bouckaert2018
posterior-648,STATE_415500000,posterior.trees,,sample,bayesian,years,Bouckaert2018
posterior-649,STATE_155300000,posterior.trees,,sample,bayesian,years,Bouckaert2018
posterior-650,STATE_179200000,posterior.trees,,sample,bayesian,years,Bouckaert2018
posterior-651,STATE_63000000,posterior.trees,,sample,bayesian,years,Bouckaert2018
posterior-652,STATE_477400000,posterior.trees,,sample,bayesian,years,Bouckaert2018
posterior-653,STATE_454300000,posterior.trees,,sample,bayesian,years,Bouckaert2018
posterior-654,STATE_170900000,posterior.trees,,sample,bayesian,years,Bouckaert2018
posterior-655,STATE_145300000,posterior.trees,,sample,bayesian,years,Bouckaert2018
posterior-656,STATE_143600000,posterior.trees,,sample,bayesian,years,Bouckaert2018
posterior-657,STATE_525800000,posterior.trees,,sample,bayesian,years,Bouckaert2018
posterior-658,STATE_3800000,posterior.trees,,sample,bayesian,years,Bouckaert2018
posterior-659,STATE_83500000,posterior.trees,,sample,bayesian,years,Bouckaert2018
posterior-660,STATE_105600000,posterior.trees,,sample,bayesian,years,Bouckaert2018
posterior-661,STATE_48000000,posterior.trees,,sample,bayesian,years,Bouckaert2018
posterior-662,STATE_214100000,posterior.trees,,sample,bayesian,years,Bouckaert2018
posterior-663,STATE_99900000,posterior.trees,,sample,bayesian,years,Bouckaert2018
posterior-664,STATE_436700000,posterior.trees,,sample,bayesian,years,Bouckaert2018
posterior-665,STATE_10600000,posterior.trees,,sample,bayesian,years,Bouckaert2018
posterior-666,STATE_394400000,posterior.trees,,sample,bayesian,years,Bouckaert2018
posterior-667,STATE_498300000,posterior.trees,,sample,bayesian,years,Bouckaert2018
posterior-668,STATE_478900000,posterior.trees,,sample,bayesian,years,Bouckaert2018
posterior-669,STATE_184100000,posterior.trees,,sample,bayesian,years,Bouckaert2018
posterior-670,STATE_277200000,posterior.trees,,sample,bayesian,years,Bouckaert2018
posterior-671,STATE_520800000,posterior.trees,,sample,bayesian,years,Bouckaert2018
posterior-672,STATE_76300000,posterior.trees,,sample,bayesian,years,Bouckaert2018
posterior-673,STATE_20500000,posterior.trees,,sample,bayesian,years,Bouckaert2018
posterior-674,STATE_530200000,posterior.trees,,sample,bayesian,years,Bouckaert2018
posterior-675,STATE_337400000,posterior.trees,,sample,bayesian,years,Bouckaert2018
posterior-676,STATE_81700000,posterior.trees,,sample,bayesian,years,Bouckaert2018
posterior-677,STATE_253200000,posterior.trees,,sample,bayesian,years,Bouckaert2018
posterior-678,STATE_363400000,posterior.trees,,sample,bayesian,years,Bouckaert2018
posterior-679,STATE_57300000,posterior.trees,,sample,bayesian,years,Bouckaert2018
posterior-680,STATE_60100000,posterior.trees,,sample,bayesian,years,Bouckaert2018
posterior-681,STATE_314200000,posterior.trees,,sample,bayesian,years,Bouckaert2018
posterior-682,STATE_369600000,posterior.trees,,sample,bayesian,years,Bouckaert2018
posterior-683,STATE_268600000,posterior.trees,,sample,bayesian,years,Bouckaert2018
posterior-684,STATE_384600000,posterior.trees,,sample,bayesian,years,Bouckaert2018
posterior-685,STATE_117700000,posterior.trees,,sample,bayesian,years,Bouckaert2018
posterior-686,STATE_519000000,posterior.trees,,sample,bayesian,years,Bouckaert2018
posterior-687,STATE_428800000,posterior.trees,,sample,bayesian,years,Bouckaert2018
posterior-688,STATE_307400000,posterior.trees,,sample,bayesian,years,Bouckaert2018
posterior-689,STATE_203500000,posterior.trees,,sample,bayesian,years,Bouckaert2018
posterior-690,STATE_336500000,posterior.trees,,sample,bayesian,years,Bouckaert2018
posterior-691,STATE_118000000,posterior.trees,,sample,bayesian,years,Bouckaert2018
posterior-692,STATE_354300000,posterior.trees,,sample,bayesian,years,Bouckaert2018
posterior-693,STATE_292500000,posterior.trees,,sample,bayesian,years,Bouckaert2018
posterior-694,STATE_319600000,posterior.trees,,sample,bayesian,years,Bouckaert2018
posterior-695,STATE_378200000,posterior.trees,,sample,bayesian,years,Bouckaert2018
posterior-696,STATE_281600000,posterior.trees,,sample,bayesian,years,Bouckaert2018
posterior-697,STATE_97000000,posterior.trees,,sample,bayesian,years,Bouckaert2018
posterior-698,STATE_391500000,posterior.trees,,sample,bayesian,years,Bouckaert2018
posterior-699,STATE_498400000,posterior.trees,,sample,bayesian,years,Bouckaert2018
posterior-700,STATE_223800000,posterior.trees,,sample,bayesian,years,Bouckaert2018
posterior-701,STATE_62100000,posterior.trees,,sample,bayesian,years,Bouckaert2018
posterior-702,STATE_430900000,posterior.trees,,sample,bayesian,years,Bouckaert2018
posterior-703,STATE_165800000,posterior.trees,,sample,bayesian,years,Bouckaert2018
posterior-704,STATE_21500000,posterior.trees,,sample,bayesian,years,Bouckaert2018
posterior-705,STATE_85200000,posterior.trees,,sample,bayesian,years,Bouckaert2018
posterior-706,STATE_329700000,posterior.trees,,sample,bayesian,years,Bouckaert2018
posterior-707,STATE_537100000,posterior.trees,,sample,bayesian,years,Bouckaert2018
posterior-708,STATE_264900000,posterior.trees,,sample,bayesian,years,Bouckaert2018
posterior-709,STATE_456900000,posterior.trees,,sample,bayesian,years,Bouckaert2018
posterior-710,STATE_405000000,posterior.trees,,sample,bayesian,years,Bouckaert2018
posterior-711,STATE_531400000,posterior.trees,,sample,bayesian,years,Bouckaert2018
posterior-712,STATE_149300000,posterior.trees,,sample,bayesian,years,Bouckaert2018
posterior-713,STATE_196500000,posterior.trees,,sample,bayesian,years,Bouckaert2018
posterior-714,STATE_350200000,posterior.trees,,sample,bayesian,years,Bouckaert2018
posterior-715,STATE_99600000,posterior.trees,,sample,bayesian,years,Bouckaert2018
posterior-716,STATE_139900000,posterior.trees,,sample,bayesian,years,Bouckaert2018
posterior-717,STATE_312400000,posterior.trees,,sample,bayesian,years,Bouckaert2018
posterior-718,STATE_191300000,posterior.trees,,sample,bayesian,years,Bouckaert2018
posterior-719,STATE_154200000,posterior.trees,,sample,bayesian,years,Bouckaert2018
posterior-720,STATE_334000000,posterior.trees,,sample,bayesian,years,Bouckaert2018
posterior-721,STATE_538300000,posterior.trees,,sample,bayesian,years,Bouckaert2018
posterior-722,STATE_482300000,posterior.trees,,sample,bayesian,years,Bouckaert2018
posterior-723,STATE_366000000,posterior.trees,,sample,bayesian,years,Bouckaert2018
posterior-724,STATE_411500000,posterior.trees,,sample,bayesian,years,Bouckaert2018
posterior-725,STATE_271300000,posterior.trees,,sample,bayesian,years,Bouckaert2018
posterior-726,STATE_461600000,posterior.trees,,sample,bayesian,years,Bouckaert2018
posterior-727,STATE_319300000,posterior.trees,,sample,bayesian,years,Bouckaert2018
posterior-728,STATE_344200000,posterior.trees,,sample,bayesian,years,Bouckaert2018
posterior-729,STATE_223400000,posterior.trees,,sample,bayesian,years,Bouckaert2018
posterior-730,STATE_334300000,posterior.trees,,sample,bayesian,years,Bouckaert2018
posterior-731,STATE_44100000,posterior.trees,,sample,bayesian,years,Bouckaert2018
posterior-732,STATE_537400000,posterior.trees,,sample,bayesian,years,Bouckaert2018
posterior-733,STATE_79400000,posterior.trees,,sample,bayesian,years,Bouckaert2018
posterior-734,STATE_300100000,posterior.trees,,sample,bayesian,years,Bouckaert2018
posterior-735,STATE_362900000,posterior.trees,,sample,bayesian,years,Bouckaert2018
posterior-736,STATE_251900000,posterior.trees,,sample,bayesian,years,Bouckaert2018
posterior-737,STATE_40000000,posterior.trees,,sample,bayesian,years,Bouckaert2018
posterior-738,STATE_378000000,posterior.trees,,sample,bayesian,years,Bouckaert2018
posterior-739,STATE_446600000,posterior.trees,,sample,bayesian,years,Bouckaert2018
posterior-740,STATE_537200000,posterior.trees,,sample,bayesian,years,Bouckaert2018
posterior-741,STATE_85100000,posterior.trees,,sample,bayesian,years,Bouckaert2018
posterior-742,STATE_424200000,posterior.trees,,sample,bayesian,years,Bouckaert2018
posterior-743,STATE_366100000,posterior.trees,,sample,bayesian,years,Bouckaert2018
posterior-744,STATE_355800000,posterior.trees,,sample,bayesian,years,Bouckaert2018
posterior-745,STATE_107600000,posterior.trees,,sample,bayesian,years,Bouckaert2018
posterior-746,STATE_34200000,posterior.trees,,sample,bayesian,years,Bouckaert2018
posterior-747,STATE_70000000,posterior.trees,,sample,bayesian,years,Bouckaert2018
posterior-748,STATE_135500000,posterior.trees,,sample,bayesian,years,Bouckaert2018
posterior-749,STATE_126700000,posterior.trees,,sample,bayesian,years,Bouckaert2018
posterior-750,STATE_359400000,posterior.trees,,sample,bayesian,years,Bouckaert2018
posterior-751,STATE_359100000,posterior.trees,,sample,bayesian,years,Bouckaert2018
posterior-752,STATE_260600000,posterior.trees,,sample,bayesian,years,Bouckaert2018
posterior-753,STATE_267600000,posterior.trees,,sample,bayesian,years,Bouckaert2018
posterior-754,STATE_281300000,posterior.trees,,sample,bayesian,years,Bouckaert2018
posterior-755,STATE_459900000,posterior.trees,,sample,bayesian,years,Bouckaert2018
posterior-756,STATE_447900000,posterior.trees,,sample,bayesian,years,Bouckaert2018
posterior-757,STATE_400200000,posterior.trees,,sample,bayesian,years,Bouckaert2018
posterior-758,STATE_216300000,posterior.trees,,sample,bayesian,years,Bouckaert2018
posterior-759,STATE_520200000,posterior.trees,,sample,bayesian,years,Bouckaert2018
posterior-760,STATE_264700000,posterior.trees,,sample,bayesian,years,Bouckaert2018
posterior-761,STATE_347300000,posterior.trees,,sample,bayesian,years,Bouckaert2018
posterior-762,STATE_65300000,posterior.trees,,sample,bayesian,years,Bouckaert2018
posterior-763,STATE_203600000,posterior.trees,,sample,bayesian,years,Bouckaert2018
posterior-764,STATE_400500000,posterior.trees,,sample,bayesian,years,Bouckaert2018
posterior-765,STATE_394800000,posterior.trees,,sample,bayesian,years,Bouckaert2018
posterior-766,STATE_468700000,posterior.trees,,sample,bayesian,years,Bouckaert2018
posterior-767,STATE_438800000,posterior.trees,,sample,bayesian,years,Bouckaert2018
posterior-768,STATE_72900000,posterior.trees,,sample,bayesian,years,Bouckaert2018
posterior-769,STATE_220200000,posterior.trees,,sample,bayesian,years,Bouckaert2018
posterior-770,STATE_445500000,posterior.trees,,sample,bayesian,years,Bouckaert2018
posterior-771,STATE_262200000,posterior.trees,,sample,bayesian,years,Bouckaert2018
posterior-772,STATE_283800000,posterior.trees,,sample,bayesian,years,Bouckaert2018
posterior-773,STATE_451600000,posterior.trees,,sample,bayesian,years,Bouckaert2018
posterior-774,STATE_253800000,posterior.trees,,sample,bayesian,years,Bouckaert2018
posterior-775,STATE_435400000,posterior.trees,,sample,bayesian,years,Bouckaert2018
posterior-776,STATE_289200000,posterior.trees,,sample,bayesian,years,Bouckaert2018
posterior-777,STATE_277400000,posterior.trees,,sample,bayesian,years,Bouckaert2018
posterior-778,STATE_61100000,posterior.trees,,sample,bayesian,years,Bouckaert2018
posterior-779,STATE_83700000,posterior.trees,,sample,bayesian,years,Bouckaert2018
posterior-780,STATE_375300000,posterior.trees,,sample,bayesian,years,Bouckaert2018
posterior-781,STATE_376400000,posterior.trees,,sample,bayesian,years,Bouckaert2018
posterior-782,STATE_349800000,posterior.trees,,sample,bayesian,years,Bouckaert2018
posterior-783,STATE_182800000,posterior.trees,,sample,bayesian,years,Bouckaert2018
posterior-784,STATE_198500000,posterior.trees,,sample,bayesian,years,Bouckaert2018
posterior-785,STATE_289300000,posterior.trees,,sample,bayesian,years,Bouckaert2018
posterior-786,STATE_376200000,posterior.trees,,sample,bayesian,years,Bouckaert2018
posterior-787,STATE_356900000,posterior.trees,,sample,bayesian,years,Bouckaert2018
posterior-788,STATE_333300000,posterior.trees,,sample,bayesian,years,Bouckaert2018
posterior-789,STATE_430200000,posterior.trees,,sample,bayesian,years,Bouckaert2018
posterior-790,STATE_79600000,posterior.trees,,sample,bayesian,years,Bouckaert2018
posterior-791,STATE_20000000,posterior.trees,,sample,bayesian,years,Bouckaert2018
posterior-792,STATE_288900000,posterior.trees,,sample,bayesian,years,Bouckaert2018
posterior-793,STATE_358600000,posterior.trees,,sample,bayesian,years,Bouckaert2018
posterior-794,STATE_18400000,posterior.trees,,sample,bayesian,years,Bouckaert2018
posterior-795,STATE_198900000,posterior.trees,,sample,bayesian,years,Bouckaert2018
posterior-796,STATE_30800000,posterior.trees,,sample,bayesian,years,Bouckaert2018
posterior-797,STATE_117200000,posterior.trees,,sample,bayesian,years,Bouckaert2018
posterior-798,STATE_305700000,posterior.trees,,sample,bayesian,years,Bouckaert2018
posterior-799,STATE_514100000,posterior.trees,,sample,bayesian,years,Bouckaert2018
posterior-800,STATE_100000,posterior.trees,,sample,bayesian,years,Bouckaert2018
posterior-801,STATE_159900000,posterior.trees,,sample,bayesian,years,Bouckaert2018
posterior-802,STATE_21200000,posterior.trees,,sample,bayesian,years,Bouckaert2018
posterior-803,STATE_238200000,posterior.trees,,sample,bayesian,years,Bouckaert2018
posterior-804,STATE_324600000,posterior.trees,,sample,bayesian,years,Bouckaert2018
posterior-805,STATE_410600000,posterior.trees,,sample,bayesian,years,Bouckaert2018
posterior-806,STATE_529700000,posterior.trees,,sample,bayesian,years,Bouckaert2018
posterior-807,STATE_147600000,posterior.trees,,sample,bayesian,years,Bouckaert2018
posterior-808,STATE_164400000,posterior.trees,,sample,bayesian,years,Bouckaert2018
posterior-809,STATE_271400000,posterior.trees,,sample,bayesian,years,Bouckaert2018
posterior-810,STATE_260100000,posterior.trees,,sample,bayesian,years,Bouckaert2018
posterior-811,STATE_279600000,posterior.trees,,sample,bayesian,years,Bouckaert2018
posterior-812,STATE_345900000,posterior.trees,,sample,bayesian,years,Bouckaert2018
posterior-813,STATE_200500000,posterior.trees,,sample,bayesian,years,Bouckaert2018
posterior-814,STATE_158300000,posterior.trees,,sample,bayesian,years,Bouckaert2018
posterior-815,STATE_382400000,posterior.trees,,sample,bayesian,years,Bouckaert2018
posterior-816,STATE_1900000,posterior.trees,,sample,bayesian,years,Bouckaert2018
posterior-817,STATE_187300000,posterior.trees,,sample,bayesian,years,Bouckaert2018
posterior-818,STATE_189800000,posterior.trees,,sample,bayesian,years,Bouckaert2018
posterior-819,STATE_363200000,posterior.trees,,sample,bayesian,years,Bouckaert2018
posterior-820,STATE_144600000,posterior.trees,,sample,bayesian,years,Bouckaert2018
posterior-821,STATE_33500000,posterior.trees,,sample,bayesian,years,Bouckaert2018
posterior-822,STATE_382100000,posterior.trees,,sample,bayesian,years,Bouckaert2018
posterior-823,STATE_113600000,posterior.trees,,sample,bayesian,years,Bouckaert2018
posterior-824,STATE_111200000,posterior.trees,,sample,bayesian,years,Bouckaert2018
posterior-825,STATE_288800000,posterior.trees,,sample,bayesian,years,Bouckaert2018
posterior-826,STATE_503100000,posterior.trees,,sample,bayesian,years,Bouckaert2018
posterior-827,STATE_186100000,posterior.trees,,sample,bayesian,years,Bouckaert2018
posterior-828,STATE_263900000,posterior.trees,,sample,bayesian,years,Bouckaert2018
posterior-829,STATE_24200000,posterior.trees,,sample,bayesian,years,Bouckaert2018
posterior-830,STATE_80600000,posterior.trees,,sample,bayesian,years,Bouckaert2018
posterior-831,STATE_129800000,posterior.trees,,sample,bayesian,years,Bouckaert2018
posterior-832,STATE_109800000,posterior.trees,,sample,bayesian,years,Bouckaert2018
posterior-833,STATE_100400000,posterior.trees,,sample,bayesian,years,Bouckaert2018
posterior-834,STATE_98500000,posterior.trees,,sample,bayesian,years,Bouckaert2018
posterior-835,STATE_487700000,posterior.trees,,sample,bayesian,years,Bouckaert2018
posterior-836,STATE_356000000,posterior.trees,,sample,bayesian,years,Bouckaert2018
posterior-837,STATE_474000000,posterior.trees,,sample,bayesian,years,Bouckaert2018
posterior-838,STATE_272000000,posterior.trees,,sample,bayesian,years,Bouckaert2018
posterior-839,STATE_535300000,posterior.trees,,sample,bayesian,years,Bouckaert2018
posterior-840,STATE_285900000,posterior.trees,,sample,bayesian,years,Bouckaert2018
posterior-841,STATE_172600000,posterior.trees,,sample,bayesian,years,Bouckaert2018
posterior-842,STATE_315800000,posterior.trees,,sample,bayesian,years,Bouckaert2018
posterior-843,STATE_70400000,posterior.trees,,sample,bayesian,years,Bouckaert2018
posterior-844,STATE_349300000,posterior.trees,,sample,bayesian,years,Bouckaert2018
posterior-845,STATE_161900000,posterior.trees,,sample,bayesian,years,Bouckaert2018
posterior-846,STATE_364100000,posterior.trees,,sample,bayesian,years,Bouckaert2018
posterior-847,STATE_169700000,posterior.trees,,sample,bayesian,years,Bouckaert2018
posterior-848,STATE_95700000,posterior.trees,,sample,bayesian,years,Bouckaert2018
posterior-849,STATE_130700000,posterior.trees,,sample,bayesian,years,Bouckaert2018
posterior-850,STATE_525700000,posterior.trees,,sample,bayesian,years,Bouckaert2018
posterior-851,STATE_455600000,posterior.trees,,sample,bayesian,years,Bouckaert2018
posterior-852,STATE_304700000,posterior.trees,,sample,bayesian,years,Bouckaert2018
posterior-853,STATE_91400000,posterior.trees,,sample,bayesian,years,Bouckaert2018
posterior-854,STATE_101800000,posterior.trees,,sample,bayesian,years,Bouckaert2018
posterior-855,STATE_527600000,posterior.trees,,sample,bayesian,years,Bouckaert2018
posterior-856,STATE_116800000,posterior.trees,,sample,bayesian,years,Bouckaert2018
posterior-857,STATE_279000000,posterior.trees,,sample,bayesian,years,Bouckaert2018
posterior-858,STATE_182100000,posterior.trees,,sample,bayesian,years,Bouckaert2018
posterior-859,STATE_414600000,posterior.trees,,sample,bayesian,years,Bouckaert2018
posterior-860,STATE_464100000,posterior.trees,,sample,bayesian,years,Bouckaert2018
posterior-861,STATE_391600000,posterior.trees,,sample,bayesian,years,Bouckaert2018
posterior-862,STATE_217300000,posterior.trees,,sample,bayesian,years,Bouckaert2018
posterior-863,STATE_227800000,posterior.trees,,sample,bayesian,years,Bouckaert2018
posterior-864,STATE_399000000,posterior.trees,,sample,bayesian,years,Bouckaert2018
posterior-865,STATE_272400000,posterior.trees,,sample,bayesian,years,Bouckaert2018
posterior-866,STATE_200000,posterior.trees,,sample,bayesian,years,Bouckaert2018
posterior-867,STATE_268700000,posterior.trees,,sample,bayesian,years,Bouckaert2018
posterior-868,STATE_414400000,posterior.trees,,sample,bayesian,years,Bouckaert2018
posterior-869,STATE_459600000,posterior.trees,,sample,bayesian,years,Bouckaert2018
posterior-870,STATE_21300000,posterior.trees,,sample,bayesian,years,Bouckaert2018
posterior-871,STATE_299600000,posterior.trees,,sample,bayesian,years,Bouckaert2018
posterior-872,STATE_498600000,posterior.trees,,sample,bayesian,years,Bouckaert2018
posterior-873,STATE_199000000,posterior.trees,,sample,bayesian,years,Bouckaert2018
posterior-874,STATE_18100000,posterior.trees,,sample,bayesian,years,Bouckaert2018
posterior-875,STATE_51500000,posterior.trees,,sample,bayesian,years,Bouckaert2018
posterior-876,STATE_486500000,posterior.trees,,sample,bayesian,years,Bouckaert2018
posterior-877,STATE_141000000,posterior.trees,,sample,bayesian,years,Bouckaert2018
posterior-878,STATE_296400000,posterior.trees,,sample,bayesian,years,Bouckaert2018
posterior-879,STATE_239500000,posterior.trees,,sample,bayesian,years,Bouckaert2018
posterior-880,STATE_367500000,posterior.trees,,sample,bayesian,years,Bouckaert2018
posterior-881,STATE_379100000,posterior.trees,,sample,bayesian,years,Bouckaert2018
posterior-882,STATE_26200000,posterior.trees,,sample,bayesian,years,Bouckaert2018
posterior-883,STATE_30000000,posterior.trees,,sample,bayesian,years,Bouckaert2018
posterior-884,STATE_424300000,posterior.trees,,sample,bayesian,years,Bouckaert2018
posterior-885,STATE_57700000,posterior.trees,,sample,bayesian,years,Bouckaert2018
posterior-886,STATE_460900000,posterior.trees,,sample,bayesian,years,Bouckaert2018
posterior-887,STATE_463000000,posterior.trees,,sample,bayesian,years,Bouckaert2018
posterior-888,STATE_262700000,posterior.trees,,sample,bayesian,years,Bouckaert2018
posterior-889,STATE_179100000,posterior.trees,,sample,bayesian,years,Bouckaert2018
posterior-890,STATE_485000000,posterior.trees,,sample,bayesian,years,Bouckaert2018
posterior-891,STATE_348700000,posterior.trees,,sample,bayesian,years,Bouckaert2018
posterior-892,STATE_265800000,posterior.trees,,sample,bayesian,years,Bouckaert2018
posterior-893,STATE_423700000,posterior.trees,,sample,bayesian,years,Bouckaert2018
posterior-894,STATE_12900000,posterior.trees,,sample,bayesian,years,Bouckaert2018
posterior-895,STATE_88400000,posterior.trees,,sample,bayesian,years,Bouckaert2018
posterior-896,STATE_454600000,posterior.trees,,sample,bayesian,years,Bouckaert2018
posterior-897,STATE_164600000,posterior.trees,,sample,bayesian,years,Bouckaert2018
posterior-898,STATE_508200000,posterior.trees,,sample,bayesian,years,Bouckaert2018
posterior-899,STATE_247300000,posterior.trees,,sample,bayesian,years,Bouckaert2018
posterior-900,STATE_112200000,posterior.trees,,sample,bayesian,years,Bouckaert2018
posterior-901,STATE_109400000,posterior.trees,,sample,bayesian,years,Bouckaert2018
posterior-902,STATE_344400000,posterior.trees,,sample,bayesian,years,Bouckaert2018
posterior-903,STATE_479700000,posterior.trees,,sample,bayesian,years,Bouckaert2018
posterior-904,STATE_383900000,posterior.trees,,sample,bayesian,years,Bouckaert2018
posterior-905,STATE_270100000,posterior.trees,,sample,bayesian,years,Bouckaert2018
posterior-906,STATE_134700000,posterior.trees,,sample,bayesian,years,Bouckaert2018
posterior-907,STATE_343200000,posterior.trees,,sample,bayesian,years,Bouckaert2018
posterior-908,STATE_303000000,posterior.trees,,sample,bayesian,years,Bouckaert2018
posterior-909,STATE_107900000,posterior.trees,,sample,bayesian,years,Bouckaert2018
posterior-910,STATE_184200000,posterior.trees,,sample,bayesian,years,Bouckaert2018
posterior-911,STATE_351000000,posterior.trees,,sample,bayesian,years,Bouckaert2018
posterior-912,STATE_204500000,posterior.trees,,sample,bayesian,years,Bouckaert2018
posterior-913,STATE_352000000,posterior.trees,,sample,bayesian,years,Bouckaert2018
posterior-914,STATE_68900000,posterior.trees,,sample,bayesian,years,Bouckaert2018
posterior-915,STATE_202200000,posterior.trees,,sample,bayesian,years,Bouckaert2018
posterior-916,STATE_338900000,posterior.trees,,sample,bayesian,years,Bouckaert2018
posterior-917,STATE_150500000,posterior.trees,,sample,bayesian,years,Bouckaert2018
posterior-918,STATE_444100000,posterior.trees,,sample,bayesian,years,Bouckaert2018
posterior-919,STATE_477000000,posterior.trees,,sample,bayesian,years,Bouckaert2018
posterior-920,STATE_524900000,posterior.trees,,sample,bayesian,years,Bouckaert2018
posterior-921,STATE_419500000,posterior.trees,,sample,bayesian,years,Bouckaert2018
posterior-922,STATE_7900000,posterior.trees,,sample,bayesian,years,Bouckaert2018
posterior-923,STATE_496600000,posterior.trees,,sample,bayesian,years,Bouckaert2018
posterior-924,STATE_278000000,posterior.trees,,sample,bayesian,years,Bouckaert2018
posterior-925,STATE_397100000,posterior.trees,,sample,bayesian,years,Bouckaert2018
posterior-926,STATE_9800000,posterior.trees,,sample,bayesian,years,Bouckaert2018
posterior-927,STATE_256400000,posterior.trees,,sample,bayesian,years,Bouckaert2018
posterior-928,STATE_350500000,posterior.trees,,sample,bayesian,years,Bouckaert2018
posterior-929,STATE_210600000,posterior.trees,,sample,bayesian,years,Bouckaert2018
posterior-930,STATE_396200000,posterior.trees,,sample,bayesian,years,Bouckaert2018
posterior-931,STATE_89100000,posterior.trees,,sample,bayesian,years,Bouckaert2018
posterior-932,STATE_209300000,posterior.trees,,sample,bayesian,years,Bouckaert2018
posterior-933,STATE_276300000,posterior.trees,,sample,bayesian,years,Bouckaert2018
posterior-934,STATE_176500000,posterior.trees,,sample,bayesian,years,Bouckaert2018
posterior-935,STATE_447100000,posterior.trees,,sample,bayesian,years,Bouckaert2018
posterior-936,STATE_6000000,posterior.trees,,sample,bayesian,years,Bouckaert2018
posterior-937,STATE_7400000,posterior.trees,,sample,bayesian,years,Bouckaert2018
posterior-938,STATE_532400000,posterior.trees,,sample,bayesian,years,Bouckaert2018
posterior-939,STATE_110100000,posterior.trees,,sample,bayesian,years,Bouckaert2018
posterior-940,STATE_539400000,posterior.trees,,sample,bayesian,years,Bouckaert2018
posterior-941,STATE_252200000,posterior.trees,,sample,bayesian,years,Bouckaert2018
posterior-942,STATE_329800000,posterior.trees,,sample,bayesian,years,Bouckaert2018
posterior-943,STATE_371100000,posterior.trees,,sample,bayesian,years,Bouckaert2018
posterior-944,STATE_485800000,posterior.trees,,sample,bayesian,years,Bouckaert2018
posterior-945,STATE_69200000,posterior.trees,,sample,bayesian,years,Bouckaert2018
posterior-946,STATE_293800000,posterior.trees,,sample,bayesian,years,Bouckaert2018
posterior-947,STATE_311700000,posterior.trees,,sample,bayesian,years,Bouckaert2018
posterior-948,STATE_463300000,posterior.trees,,sample,bayesian,years,Bouckaert2018
posterior-949,STATE_464500000,posterior.trees,,sample,bayesian,years,Bouckaert2018
posterior-950,STATE_344500000,posterior.trees,,sample,bayesian,years,Bouckaert2018
posterior-951,STATE_61900000,posterior.trees,,sample,bayesian,years,Bouckaert2018
posterior-952,STATE_456800000,posterior.trees,,sample,bayesian,years,Bouckaert2018
posterior-953,STATE_137400000,posterior.trees,,sample,bayesian,years,Bouckaert2018
posterior-954,STATE_257100000,posterior.trees,,sample,bayesian,years,Bouckaert2018
posterior-955,STATE_46600000,posterior.trees,,sample,bayesian,years,Bouckaert2018
posterior-956,STATE_162100000,posterior.trees,,sample,bayesian,years,Bouckaert2018
posterior-957,STATE_416000000,posterior.trees,,sample,bayesian,years,Bouckaert2018
posterior-958,STATE_173000000,posterior.trees,,sample,bayesian,years,Bouckaert2018
posterior-959,STATE_536000000,posterior.trees,,sample,bayesian,years,Bouckaert2018
posterior-960,STATE_516200000,posterior.trees,,sample,bayesian,years,Bouckaert2018
posterior-961,STATE_492300000,posterior.trees,,sample,bayesian,years,Bouckaert2018
posterior-962,STATE_90300000,posterior.trees,,sample,bayesian,years,Bouckaert2018
posterior-963,STATE_535800000,posterior.trees,,sample,bayesian,years,Bouckaert2018
posterior-964,STATE_327700000,posterior.trees,,sample,bayesian,years,Bouckaert2018
posterior-965,STATE_302700000,posterior.trees,,sample,bayesian,years,Bouckaert2018
posterior-966,STATE_310500000,posterior.trees,,sample,bayesian,years,Bouckaert2018
posterior-967,STATE_232300000,posterior.trees,,sample,bayesian,years,Bouckaert2018
posterior-968,STATE_59200000,posterior.trees,,sample,bayesian,years,Bouckaert2018
posterior-969,STATE_20300000,posterior.trees,,sample,bayesian,years,Bouckaert2018
posterior-970,STATE_373200000,posterior.trees,,sample,bayesian,years,Bouckaert2018
posterior-971,STATE_82100000,posterior.trees,,sample,bayesian,years,Bouckaert2018
posterior-972,STATE_251500000,posterior.trees,,sample,bayesian,years,Bouckaert2018
posterior-973,STATE_1300000,posterior.trees,,sample,bayesian,years,Bouckaert2018
posterior-974,STATE_162400000,posterior.trees,,sample,bayesian,years,Bouckaert2018
posterior-975,STATE_226700000,posterior.trees,,sample,bayesian,years,Bouckaert2018
posterior-976,STATE_306900000,posterior.trees,,sample,bayesian,years,Bouckaert2018
posterior-977,STATE_24400000,posterior.trees,,sample,bayesian,years,Bouckaert2018
posterior-978,STATE_218900000,posterior.trees,,sample,bayesian,years,Bouckaert2018
posterior-979,STATE_296600000,posterior.trees,,sample,bayesian,years,Bouckaert2018
posterior-980,STATE_513100000,posterior.trees,,sample,bayesian,years,Bouckaert2018
posterior-981,STATE_5100000,posterior.trees,,sample,bayesian,years,Bouckaert2018
posterior-982,STATE_363300000,posterior.trees,,sample,bayesian,years,Bouckaert2018
posterior-983,STATE_345600000,posterior.trees,,sample,bayesian,years,Bouckaert2018
posterior-984,STATE_420700000,posterior.trees,,sample,bayesian,years,Bouckaert2018
posterior-985,STATE_396700000,posterior.trees,,sample,bayesian,years,Bouckaert2018
posterior-986,STATE_9700000,posterior.trees,,sample,bayesian,years,Bouckaert2018
posterior-987,STATE_419300000,posterior.trees,,sample,bayesian,years,Bouckaert2018
posterior-988,STATE_94300000,posterior.trees,,sample,bayesian,years,Bouckaert2018
posterior-989,STATE_430700000,posterior.trees,,sample,bayesian,years,Bouckaert2018
posterior-990,STATE_462900000,posterior.trees,,sample,bayesian,years,Bouckaert2018
posterior-991,STATE_77500000,posterior.trees,,sample,bayesian,years,Bouckaert2018
posterior-992,STATE_324700000,posterior.trees,,sample,bayesian,years,Bouckaert2018
posterior-993,STATE_231200000,posterior.trees,,sample,bayesian,years,Bouckaert2018
posterior-994,STATE_83900000,posterior.trees,,sample,bayesian,years,Bouckaert2018
posterior-995,STATE_525200000,posterior.trees,,sample,bayesian,years,Bouckaert2018
posterior-996,STATE_356700000,posterior.trees,,sample,bayesian,years,Bouckaert2018
posterior-997,STATE_76100000,posterior.trees,,sample,bayesian,years,Bouckaert2018
posterior-998,STATE_473700000,posterior.trees,,sample,bayesian,years,Bouckaert2018
posterior-999,STATE_282800000,posterior.trees,,sample,bayesian,years,Bouckaert2018
posterior-1000,STATE_56400000,posterior.trees,,sample,bayesian,years,Bouckaert2018
